id,name,symbol,slug,cmc_rank,price,volume_24h,market_cap,percent_change_1h,percent_change_24h,percent_change_7d,last_updated,pull_timestamp
1,Bitcoin,BTC,bitcoin,1,78934.14154693903,26028393548.374584,1585339189227.151,0.17743799,2.13006219,-0.29093803,2026-09-14 18:10:00+00:00,2026-09-14 18:11:50.884000+00:00
1027,Ethereum,ETH,ethereum,2,2533.8642256856465,13094236786.676956,309251144133.08594,0.27340244,1.15136264,1.5346522,2026-09-14 18:11:00+00:00,2026-09-14 18:11:50.884000+00:00
825,Tether USDt,USDT,tether,3,0.9998005478827607,59645643856.85198,183394406598.12067,-0.00042614,0.01805825,-0.00185993,2026-09-14 18:10:00+00:00,2026-09-14 18:11:50.884000+00:00
1839,BNB,BNB,bnb,4,726.5081435437054,1455003778.9916232,96742443175.79584,0.31875454,0.79933546,-1.87890132,2026-09-14 18:10:00+00:00,2026-09-14 18:11:50.884000+00:00
52,XRP,XRP,xrp,5,1.438310267810295,3267903587.167362,90439813157.61493,1.40797788,6.17053294,2.92888553,2026-09-14 18:10:00+00:00,2026-09-14 18:11:50.884000+00:00
3408,USDC,USDC,usd-coin,6,0.9998750664968507,13911599441.511234,74276871920.7372,-0.00106526,0.00361329,-0.00259287,2026-09-14 18:10:00+00:00,2026-09-14 18:11:50.884000+00:00
5426,Solana,SOL,solana,7,103.17988082683742,2672522055.465836,60555503790.24573,0.55787068,2.16204241,-0.66871903,2026-09-14 18:10:00+00:00,2026-09-14 18:11:50.884000+00:00
1958,TRON,TRX,tron,8,0.3406054572756736,436208469.7807842,32340537126.109306,-0.18866094,-0.20732301,1.98329414,2026-09-14 18:11:00+00:00,2026-09-14 18:11:50.884000+00:00
32196,Hyperliquid,HYPE,hyperliquid,9,81.66246493630163,746490472.5205815,20556210891.630093,1.41442644,4.22981719,-4.11048726,2026-09-14 18:10:00+00:00,2026-09-14 18:11:50.884000+00:00
1437,Zcash,ZEC,zcash,10,1161.373162902842,1278737568.6534412,19591448981.833057,1.96615139,5.02431211,0.23448067,2026-09-14 18:11:00+00:00,2026-09-14 18:11:50.884000+00:00
74,Dogecoin,DOGE,dogecoin,11,0.0848510911153088,697449853.9875294,14562735934.608013,0.49315166,0.57139577,-5.67681114,2026-09-14 18:11:00+00:00,2026-09-14 18:11:50.884000+00:00
328,Monero,XMR,monero,12,512.2034047750957,124268787.03795648,9631808836.767975,-0.5908339,-4.03741268,-0.46949853,2026-09-14 18:10:00+00:00,2026-09-14 18:11:50.884000+00:00
1975,Chainlink,LINK,chainlink,13,11.613230019133981,305685867.0694738,8687857033.851505,0.95706433,1.87834389,-9.90585474,2026-09-14 18:11:00+00:00,2026-09-14 18:11:50.884000+00:00
3957,UNUS SED LEO,LEO,unus-sed-leo,14,9.000137567086663,144268.24724038,8278847209.26483,0.03471689,-0.54732456,-2.10394156,2026-09-14 18:11:00+00:00,2026-09-14 18:11:50.884000+00:00
2010,Cardano,ADA,cardano,15,0.21214325798833517,399457820.97507524,7795159034.953498,0.53546602,1.64142375,-3.87857749,2026-09-14 18:11:00+00:00,2026-09-14 18:11:50.884000+00:00
512,Stellar,XLM,stellar,16,0.1953831482709292,279547290.5159843,6805928709.676712,0.03427762,8.82623749,2.44619614,2026-09-14 18:11:00+00:00,2026-09-14 18:11:50.884000+00:00
29470,Ethena USDe,USDe,ethena-usde,17,0.9998096416859067,33183136.10996307,4666147018.146784,-0.00674431,0.01130343,0.00161532,2026-09-14 18:10:00+00:00,2026-09-14 18:11:50.884000+00:00
4943,Dai,DAI,multi-collateral-dai,18,0.999322153182818,27476418.53134348,4573398928.688339,-0.04862112,-0.03313864,-0.05388422,2026-09-14 18:10:00+00:00,2026-09-14 18:11:50.884000+00:00
1831,Bitcoin Cash,BCH,bitcoin-cash,19,226.3514309152887,161661701.409331,4547199360.1932125,0.59075166,1.03656246,-13.1177518,2026-09-14 18:10:00+00:00,2026-09-14 18:11:50.884000+00:00
36148,World Liberty Financial USD,USD1,usd1,20,0.9998692934877428,1003572396.9158924,4304003050.755588,0.00215492,0.01786671,0.0094255,2026-09-14 18:11:00+00:00,2026-09-14 18:11:50.884000+00:00
2,Litecoin,LTC,litecoin,21,54.147948238799906,203452677.03321505,4202406594.7454243,0.08938293,-1.04083566,-2.01937101,2026-09-14 18:10:00+00:00,2026-09-14 18:11:50.884000+00:00
7083,Uniswap,UNI,uniswap,22,6.466987950429314,382768787.85358936,4018627847.341328,1.05083891,2.18609053,-6.08763129,2026-09-14 18:11:00+00:00,2026-09-14 18:11:50.884000+00:00
37263,Canton,CC,canton-network,23,0.09687122279434092,12328146.54293142,3835148386.082777,-0.39016588,1.25819895,-8.15380975,2026-09-14 18:11:00+00:00,2026-09-14 18:11:50.884000+00:00
11419,Gram (prev. Toncoin),GRAM,gram,24,1.3571517280726806,38597143.24549715,3784351321.71599,-0.22873602,-0.085318,-3.08322251,2026-09-14 18:10:00+00:00,2026-09-14 18:11:50.884000+00:00
4642,Hedera,HBAR,hedera,25,0.07798427754018243,43400969.72168916,3418172514.475079,0.47666687,1.98605434,-5.2679125,2026-09-14 18:11:00+00:00,2026-09-14 18:11:50.884000+00:00
6535,NEAR Protocol,NEAR,near-protocol,26,2.5799363927831886,369754092.36055785,3370235039.371595,3.82706461,9.99980863,11.57335907,2026-09-14 18:10:00+00:00,2026-09-14 18:11:50.884000+00:00
5805,Avalanche,AVAX,avalanche,27,7.5956234166462915,270599032.9680516,3361120646.850124,0.29695438,2.31329315,-6.2241071,2026-09-14 18:10:00+00:00,2026-09-14 18:11:50.884000+00:00
33793,Global Dollar,USDG,global-dollar-usdg,28,0.9998447647689946,1013575564.9562279,3312897434.907949,-0.04308991,-0.05933335,-0.04383175,2026-09-14 18:10:00+00:00,2026-09-14 18:11:50.884000+00:00
5994,Shiba Inu,SHIB,shiba-inu,29,5.330287288031112e-06,55223218.67366651,3140813584.613574,0.73408215,1.71348613,-2.40925736,2026-09-14 18:10:00+00:00,2026-09-14 18:11:50.884000+00:00
20947,Sui,SUI,sui,30,0.7352063158350107,473195585.5516765,3011799983.1896462,0.49915938,2.10033262,-10.43497063,2026-09-14 18:10:00+00:00,2026-09-14 18:11:50.884000+00:00
3635,Cronos,CRO,cronos,31,0.05940580940219805,5848700.57023983,2884424907.9458547,0.69446671,1.74412801,3.79750871,2026-09-14 18:11:00+00:00,2026-09-14 18:11:50.884000+00:00
27772,PayPal USD,PYUSD,paypal-usd,32,0.9997675266653511,43232879.97599117,2764111876.973029,-0.01487254,0.01253164,0.00562849,2026-09-14 18:10:00+00:00,2026-09-14 18:11:50.884000+00:00
22974,Bittensor,TAO,bittensor,33,236.79512871836044,181932898.2764391,2685524668.6683064,0.8430044,0.09416701,-8.71891207,2026-09-14 18:11:00+00:00,2026-09-14 18:11:50.884000+00:00
5176,Tether Gold,XAUt,tether-gold,34,4310.933173069123,269701321.76948684,2684951174.848808,-0.08251914,-0.85683499,-2.17983178,2026-09-14 18:10:00+00:00,2026-09-14 18:11:50.884000+00:00
35491,MemeCore,M,memecore,35,1.1009670495751545,2347292.89269625,2502243362.0666175,0.37494986,-3.50991107,-2.29665915,2026-09-14 18:10:00+00:00,2026-09-14 18:11:50.884000+00:00
3897,OKB,OKB,okb,36,114.31608204267552,17809127.60911488,2400637722.896186,0.19945067,0.95699076,-0.6164304,2026-09-14 18:11:00+00:00,2026-09-14 18:11:50.884000+00:00
34387,Ripple USD,RLUSD,ripple-usd,37,1.000000902944434,244102710.8351675,2387408508.802747,0.00417662,0.002549,0.00184014,2026-09-14 18:11:00+00:00,2026-09-14 18:11:50.884000+00:00
7278,Aave,AAVE,aave,38,127.79224755856812,174745350.18941662,1971541528.9666932,0.61910695,0.5247206,-3.32206555,2026-09-14 18:10:00+00:00,2026-09-14 18:11:50.884000+00:00
36341,Aster,ASTER,aster,39,0.7013722459710009,57272003.28844012,1895303558.0514388,-0.29029931,0.30676302,-9.38915926,2026-09-14 18:11:00+00:00,2026-09-14 18:11:50.884000+00:00
27075,Mantle,MNT,mantle,40,0.5731164924968982,25558198.34868777,1892599373.711724,0.56414042,1.28722223,-8.05305318,2026-09-14 18:10:00+00:00,2026-09-14 18:11:50.884000+00:00
4705,PAX Gold,PAXG,pax-gold,41,4316.476551130204,178314948.22721025,1868631181.4231305,-0.06687104,-0.81149893,-2.09592808,2026-09-14 18:10:00+00:00,2026-09-14 18:11:50.884000+00:00
33251,World Liberty Financial,WLFI,world-liberty-financial-wlfi,42,0.05767002109987649,46180753.29253348,1832596062.1342266,0.40095844,1.29075733,2.23528186,2026-09-14 18:10:00+00:00,2026-09-14 18:11:50.884000+00:00
36507,Pump.fun,PUMP,pump-fun,43,0.003724168522285814,112958296.55195087,1745182787.5574872,-0.30875486,3.94053936,-13.41959886,2026-09-14 18:11:00+00:00,2026-09-14 18:11:50.884000+00:00
21159,Ondo,ONDO,ondo-finance,44,0.35766879894264514,109919768.23867188,1741607644.1671033,0.73225772,2.40158404,-7.41629411,2026-09-14 18:11:00+00:00,2026-09-14 18:11:50.884000+00:00
6636,Polkadot,DOT,polkadot-new,45,1.0154649269430538,111068635.78645201,1729095094.3707333,0.29253289,-0.68784174,-7.6678547,2026-09-14 18:10:00+00:00,2026-09-14 18:11:50.884000+00:00
8916,Internet Computer,ICP,internet-computer,46,2.7711191670697546,47982073.52990977,1543019720.6750247,0.63462821,-0.92716544,-7.58831036,2026-09-14 18:10:00+00:00,2026-09-14 18:11:50.884000+00:00
19891,USDD,USDD,usdd,47,1.0024836801045771,1683021.4577494,1534278177.181033,0.14311176,0.10094246,0.14573792,2026-09-14 18:11:00+00:00,2026-09-14 18:11:50.884000+00:00
33038,Sky,SKY,sky,48,0.06396558975908817,17142753.91589697,1498550479.9792356,-0.08157532,1.41951808,-6.47435334,2026-09-14 18:11:00+00:00,2026-09-14 18:11:50.884000+00:00
24478,Pepe,PEPE,pepe,49,3.516600730596537e-06,169657241.09920973,1455072166.2740073,0.54759499,2.99047248,-2.58855336,2026-09-14 18:11:00+00:00,2026-09-14 18:11:50.884000+00:00
30171,Ethena,ENA,ethena,50,0.14379988951966302,266614904.10718998,1451704822.1664732,1.26141559,2.21877784,-13.74797699,2026-09-14 18:10:00+00:00,2026-09-14 18:11:50.884000+00:00
13502,Worldcoin,WLD,worldcoin-org,51,0.3923923908049443,154650044.2603237,1409803133.4317105,1.56033131,-0.61925544,-15.31896049,2026-09-14 18:10:00+00:00,2026-09-14 18:11:50.884000+00:00
11092,Bitget Token,BGB,bitget-token-new,52,1.9511646965650613,11301847.70036239,1361893062.3866959,0.30997566,0.3833917,-2.93463232,2026-09-14 18:10:00+00:00,2026-09-14 18:11:50.884000+00:00
39120,United Stables,U,united-stables,53,0.9996161783868421,201974228.11276624,1314739188.72323,-0.02054506,0.0322335,0.04293358,2026-09-14 18:10:00+00:00,2026-09-14 18:11:50.884000+00:00
1321,Ethereum Classic,ETC,ethereum-classic,54,7.668967288373882,34281788.74041165,1212977308.0047393,0.41195954,0.48575928,-2.52209341,2026-09-14 18:11:00+00:00,2026-09-14 18:11:50.884000+00:00
34104,Morpho,MORPHO,morpho,55,2.1950146472195105,16850432.80276341,1138267612.2880712,-0.00279343,-0.23031716,-11.11690618,2026-09-14 18:11:00+00:00,2026-09-14 18:11:50.884000+00:00
39125,Lighter,LIT,lighter,56,4.428783976175513,97815851.42692527,1107195994.0438783,0.69521761,5.03070878,-2.71557114,2026-09-14 18:10:00+00:00,2026-09-14 18:11:50.884000+00:00
35697,Pi,PI,pi,57,0.09764547841680883,4578134.79930984,1092951915.5122092,-0.18040974,0.02554498,3.77817332,2026-09-14 18:10:00+00:00,2026-09-14 18:11:50.884000+00:00
35509,Venice Token,VVV,venice-token,58,22.309850436538685,33184497.57367998,1076188149.2456381,-0.05581288,1.27572255,26.54744403,2026-09-14 18:10:00+00:00,2026-09-14 18:11:50.884000+00:00
28321,Polygon (prev. MATIC),POL,polygon-ecosystem-token,59,0.0972187400584732,92137642.46772374,1041611688.1763119,-0.23513523,-0.30085495,1.47718352,2026-09-14 18:11:00+00:00,2026-09-14 18:11:50.884000+00:00
4269,GateToken,GT,gatetoken,60,9.281394734281015,3508830.48379426,989656790.1330402,-0.15070783,0.84779546,0.90915594,2026-09-14 18:10:00+00:00,2026-09-14 18:11:50.884000+00:00
2087,KuCoin Token,KCS,kucoin-token,61,7.020412874535744,6504266.00325191,962884877.1830512,0.11626667,3.19056922,-0.41403323,2026-09-14 18:11:00+00:00,2026-09-14 18:11:50.884000+00:00
20396,Kaspa,KAS,kaspa,62,0.033950351682260745,9073109.42374106,940433786.2728724,-0.00755389,-2.26165159,-5.35046355,2026-09-14 18:11:00+00:00,2026-09-14 18:11:50.884000+00:00
11841,Arbitrum,ARB,arbitrum,63,0.14069348899196882,138320667.90359962,939561802.4856805,2.36627908,0.72305832,-15.287192,2026-09-14 18:10:00+00:00,2026-09-14 18:11:50.884000+00:00
5488,JUST,JST,just,64,0.1129287640546957,26124116.05767489,924744630.2555684,-0.02228916,-0.67892673,3.98246831,2026-09-14 18:11:00+00:00,2026-09-14 18:11:50.884000+00:00
4030,Algorand,ALGO,algorand,65,0.09710770773478836,70902951.69497316,877978460.2595576,0.51751062,2.0416365,1.68679148,2026-09-14 18:11:00+00:00,2026-09-14 18:11:50.884000+00:00
3794,Cosmos,ATOM,cosmos,66,1.5729297100193373,28373775.79919407,834253645.5690013,1.18343,-2.09627486,-4.80347069,2026-09-14 18:10:00+00:00,2026-09-14 18:11:50.884000+00:00
29210,Jupiter,JUP,jupiter-ag,67,0.24200589115951712,37051711.2753215,803306902.3910191,0.57205181,2.75478759,-2.93125483,2026-09-14 18:10:00+00:00,2026-09-14 18:11:50.884000+00:00
2280,Filecoin,FIL,filecoin,68,0.9573829119540898,384912070.2309819,792534316.3247707,-0.5394134,-1.57293548,11.72700475,2026-09-14 18:10:00+00:00,2026-09-14 18:11:50.884000+00:00
3155,Quant,QNT,quant,69,63.822696256704624,5691532.43972935,770514690.3607757,-1.16142788,-1.52666831,-2.97520562,2026-09-14 18:10:00+00:00,2026-09-14 18:11:50.884000+00:00
7186,PancakeSwap,CAKE,pancakeswap,70,2.380944394251732,71051969.53437202,760538248.4476451,1.53865901,7.96586744,6.47162538,2026-09-14 18:11:00+00:00,2026-09-14 18:11:50.884000+00:00
38892,Stable,STABLE,stable,71,0.028122839416162306,10093864.11834814,740149473.5688835,-0.4688426,-0.5118171,-2.43436428,2026-09-14 18:11:00+00:00,2026-09-14 18:11:50.884000+00:00
5690,Render,RENDER,render,72,1.4025145212445944,19727912.65879196,727591211.6756642,0.91315857,0.05870021,-9.47336003,2026-09-14 18:10:00+00:00,2026-09-14 18:11:50.884000+00:00
131,Dash,DASH,dash,73,55.458260219421135,82621620.00117119,711450921.7731342,1.72339164,1.49311804,-15.07706102,2026-09-14 18:11:00+00:00,2026-09-14 18:11:50.884000+00:00
3077,VeChain,VET,vechain,74,0.007755697401267071,23084346.08835451,666873960.404301,-0.12433991,0.22152841,7.59303336,2026-09-14 18:11:00+00:00,2026-09-14 18:11:50.884000+00:00
7226,Injective,INJ,injective,75,6.39946852636462,86935351.81387363,639760976.8733795,2.33053041,3.105073,9.37988277,2026-09-14 18:11:00+00:00,2026-09-14 18:11:50.884000+00:00
29814,ether.fi,ETHFI,ether-fi-ethfi,76,0.6562222281413072,66549183.64888293,633484127.9362109,1.50259785,1.97269392,12.94695891,2026-09-14 18:11:00+00:00,2026-09-14 18:11:50.884000+00:00
2634,XDC Network,XDC,xdc-network,77,0.028044675102490747,6390332.58784014,602286095.2250837,0.12369708,0.40494851,-4.12830554,2026-09-14 18:10:00+00:00,2026-09-14 18:11:50.884000+00:00
7950,Flare,FLR,flare,78,0.006666174097494283,3561078.35631985,579572602.0812364,0.33698206,3.04323868,0.99291171,2026-09-14 18:10:00+00:00,2026-09-14 18:11:50.884000+00:00
29270,Aerodrome Finance,AERO,aerodrome-finance,79,0.57942634162597,28774391.14531222,572925315.924618,0.76516956,2.28935381,-0.69521838,2026-09-14 18:11:00+00:00,2026-09-14 18:11:50.884000+00:00
35336,OFFICIAL TRUMP,TRUMP,official-trump,80,2.040482336657438,295542528.85955924,557329360.9255377,0.49452125,2.62360821,-10.15132473,2026-09-14 18:10:00+00:00,2026-09-14 18:11:50.884000+00:00
6538,Curve DAO Token,CRV,curve-dao-token,81,0.3557655634431777,35243682.19042781,553435862.5708022,1.15812291,1.12626484,-5.0790377,2026-09-14 18:11:00+00:00,2026-09-14 18:11:50.884000+00:00
2694,Nexo,NEXO,nexo,82,0.8275656827470599,5378199.16314685,534728122.88179624,0.00038611,-0.00632508,-0.47226074,2026-09-14 18:10:00+00:00,2026-09-14 18:11:50.884000+00:00
21794,Aptos,APT,aptos,83,0.5987028024170171,57346543.88529751,521021691.58066785,1.16326999,-1.45516558,-5.89936221,2026-09-14 18:11:00+00:00,2026-09-14 18:11:50.884000+00:00
2563,TrueUSD,TUSD,trueusd,84,0.9992778623780155,40570219.37804623,494157975.0539269,-0.03510175,-0.0065551,-0.0190672,2026-09-14 18:11:00+00:00,2026-09-14 18:11:50.884000+00:00
4847,Stacks,STX,stacks,85,0.2701022549040274,18895509.3114472,490129115.1521513,0.25919734,-1.62023314,-5.56632393,2026-09-14 18:10:00+00:00,2026-09-14 18:11:50.884000+00:00
28081,SPX6900,SPX,spx6900,86,0.517433001766032,7149890.80419743,481726549.2183539,1.85458126,4.59972423,-6.28440386,2026-09-14 18:11:00+00:00,2026-09-14 18:11:50.884000+00:00
38590,币安人生,币安人生,bianrensheng,87,0.4779679380195615,2412512.4637214,477967938.0195615,0.03395308,0.4793218,-8.47608222,2026-09-14 18:10:00+00:00,2026-09-14 18:11:50.884000+00:00
20641,EURC,EURC,euro-coin,88,1.1555729396577405,63336142.17565373,455949976.1162518,0.00061465,-0.3331436,-0.58723288,2026-09-14 18:10:00+00:00,2026-09-14 18:11:50.884000+00:00
34466,Pudgy Penguins,PENGU,pudgy-penguins,89,0.00724957781287722,111760351.48573494,455711332.8030279,1.09233325,-0.40854705,-15.45968417,2026-09-14 18:10:00+00:00,2026-09-14 18:11:50.884000+00:00
28177,Pyth Network,PYTH,pyth-network,90,0.05651501772488714,18235073.96138876,445053540.105229,1.14582717,-1.29424052,3.22298543,2026-09-14 18:10:00+00:00,2026-09-14 18:11:50.884000+00:00
40938,Pons,PONS,pons,91,0.6449075354031861,100818352.21978503,445090738.849666,4.69065427,13.86951573,-11.26679627,2026-09-14 18:11:00+00:00,2026-09-14 18:11:50.884000+00:00
29420,Virtuals Protocol,VIRTUAL,virtual-protocol,92,0.6323277967322448,65038928.69846059,416695702.1037562,0.72778509,1.82093879,-12.82010663,2026-09-14 18:10:00+00:00,2026-09-14 18:11:50.884000+00:00
9481,Pendle,PENDLE,pendle,93,2.347210195605985,50853587.4910866,407195676.14662254,1.96625058,9.47927595,9.50277536,2026-09-14 18:11:00+00:00,2026-09-14 18:11:50.884000+00:00
38482,Falcon Finance,FF,falcon-finance-ff,94,0.12653242136042678,20679986.06535112,397311803.0717401,-0.12463731,-12.44691661,6.48968651,2026-09-14 18:10:00+00:00,2026-09-14 18:11:50.884000+00:00
3773,Artificial Superintelligence Alliance,FET,artificial-superintelligence-alliance,95,0.17101955494954582,103760803.81866945,395326049.01189476,0.90520436,-0.01654386,-5.83603569,2026-09-14 18:10:00+00:00,2026-09-14 18:11:50.884000+00:00
8526,Raydium,RAY,raydium,96,1.4147854683092382,69127777.25588444,381622435.1131916,2.01184538,-3.22556848,21.77556031,2026-09-14 18:10:00+00:00,2026-09-14 18:11:50.884000+00:00
26997,LayerZero,ZRO,layerzero,97,1.0136697351678892,30789650.7212748,379454981.83898485,0.48462701,-2.34523231,-11.6277186,2026-09-14 18:10:00+00:00,2026-09-14 18:11:50.884000+00:00
3602,Bitcoin SV,BSV,bitcoin-sv,98,17.177246263994665,10123874.73622255,344980835.7097741,0.26638086,-2.38111048,1.67464336,2026-09-14 18:10:00+00:00,2026-09-14 18:11:50.884000+00:00
39064,Midnight,NIGHT,midnight-network,99,0.020678041783356315,10870059.25222712,343408498.7267646,1.08304747,0.30087444,-10.38014197,2026-09-14 18:10:00+00:00,2026-09-14 18:11:50.884000+00:00
23149,Sei,SEI,sei,100,0.04506481483439942,27149723.40580413,336183518.6646197,0.48879719,-0.94287172,-8.03283454,2026-09-14 18:10:00+00:00,2026-09-14 18:11:50.884000+00:00
